[{"col":1,"row":1,"width":6,"height":87,"children":[{"id":"news_litt_avansert/start_time","rows":[]},{"id":"news_litt_avansert/kroppstemperatur","rows":[{"cols":[{"width":"100%","children":[{"id":"news_litt_avansert/kroppstemperatur/*history(en)/origin","rows":[]},{"id":"news_litt_avansert/kroppstemperatur/uspesifisert_hendelse","rows":[{"cols":[{"width":"100%","children":[{"id":"news_litt_avansert/kroppstemperatur/uspesifisert_hendelse/temperatur","rows":[]},{"id":"news_litt_avansert/kroppstemperatur/uspesifisert_hendelse/time","rows":[]}]}]}]}]}]}]},{"id":"news_litt_avansert/avpu","rows":[{"cols":[{"width":"100%","children":[{"id":"news_litt_avansert/avpu/event_series/origin","rows":[]},{"id":"news_litt_avansert/avpu/uspesifikk_hendelse.","rows":[{"cols":[{"width":"100%","children":[{"id":"news_litt_avansert/avpu/uspesifikk_hendelse./avpu-observasjon","rows":[]},{"id":"news_litt_avansert/avpu/uspesifikk_hendelse./time","rows":[]}]}]}]}]}]}]}]},{"col":7,"row":1,"width":6,"height":87,"children":[{"id":"news_litt_avansert/news","rows":[{"cols":[{"width":"100%","children":[{"id":"news_litt_avansert/news/event_series/origin","rows":[]},{"id":"news_litt_avansert/news/tidspunkt","rows":[{"cols":[{"width":"100%","children":[{"id":"news_litt_avansert/news/tidspunkt/respirasjonsfrekvens","rows":[]},{"id":"news_litt_avansert/news/tidspunkt/oksygenmetning","rows":[]},{"id":"news_litt_avansert/news/tidspunkt/tilførsel_av_oksygen","rows":[]},{"id":"news_litt_avansert/news/tidspunkt/kroppstemperatur","rows":[]},{"id":"news_litt_avansert/news/tidspunkt/systolisk_blodtrykk","rows":[]},{"id":"news_litt_avansert/news/tidspunkt/hjertefrekvens_puls","rows":[]},{"id":"news_litt_avansert/news/tidspunkt/bevissthetsgrad","rows":[]},{"id":"news_litt_avansert/news/tidspunkt/totalskår","rows":[]},{"id":"news_litt_avansert/news/tidspunkt/kommentar","rows":[]},{"id":"news_litt_avansert/news/tidspunkt/time","rows":[]}]}]}]}]}]}]}]}]