[{"field":"news_litt_avansert/kroppstemperatur/uspesifisert_hendelse/temperatur","conditions":[{"operator":"ge","value":{"magnitude":"39.1","unit":"Cel"},"actions":[{"action":"set","target":"news_litt_avansert/news/tidspunkt/kroppstemperatur","value":{"value":"at0038"}}]},{"operator":"lt","value":{"magnitude":"39.1","unit":"Cel"},"actions":[{"action":"set","target":"news_litt_avansert/news/tidspunkt/kroppstemperatur","value":{"value":"at0023"}}]},{"operator":"lt","value":{"magnitude":"38.1","unit":"Cel"},"actions":[{"action":"set","target":"news_litt_avansert/news/tidspunkt/kroppstemperatur","value":{"value":"at0022"}}]},{"operator":"lt","value":{"magnitude":"36.1","unit":"Cel"},"actions":[{"action":"set","target":"news_litt_avansert/news/tidspunkt/kroppstemperatur","value":{"value":"at0023"}}]},{"operator":"lt","value":{"magnitude":"35.1","unit":"Cel"},"actions":[{"action":"set","target":"news_litt_avansert/news/tidspunkt/kroppstemperatur","value":{"value":"at0039"}}]},{"operator":"empty","actions":[{"action":"clear","target":"news_litt_avansert/news/tidspunkt/kroppstemperatur"}]}]}]