{"name":"Form root","localizedNames":{},"localizedDescriptions":{},"rmType":"FORM_DEFINITION","min":0,"max":0,"formId":"form_root","viewConfig":{"label":{"custom":false,"useLocalizations":false},"size":{"field":"inherit","label":"inherit"},"layout":{"label":{"valign":"inherit","align":"inherit"},"field":{"valign":"inherit","align":"inherit"}},"annotations":{"form.mode":"InfieldTopAlignedLabels","#temp":"openEHR-EHR-OBSERVATION.body_temperature.v2"}},"children":[{"name":"Start time","localizedName":"Hendelsestid","localizedNames":{"en":"Event time","nb":"Hendelsestid"},"localizedDescriptions":{},"rmType":"DV_DATE_TIME","min":0,"max":1,"aqlPath":"/context/start_time","inputs":[{"type":"DATETIME","listOpen":false}],"formId":"news_litt_avansert/start_time","viewConfig":{"multiplicity":{"min":0,"max":1},"advanced":{"hidden":false,"readonly":false,"hideFrame":false,"render":false},"label":{"custom":false,"useLocalizations":false},"size":{"field":"inherit","label":"inherit"},"layout":{"label":{"valign":"inherit","align":"inherit"},"field":{"valign":"inherit","align":"inherit"}},"annotations":{"templateVariable":"[Sys.Now]","calcId":"when"},"field":{"input":{"hideTime":false,"dateFormat":"","hideDate":false}}}},{"name":"Kroppstemperatur","localizedName":"Kroppstemperatur","localizedNames":{"en":"Body temperature","nb":"Kroppstemperatur"},"localizedDescriptions":{"nb":"Måling av kroppstemperatur som skal gjenspeile et individs kjernetemperatur.","en":"A measurement of the body temperature, which is a surrogate for the core body temperature of the individual."},"rmType":"OBSERVATION","nodeId":"openEHR-EHR-OBSERVATION.body_temperature.v2","min":1,"max":1,"aqlPath":"/content[openEHR-EHR-OBSERVATION.body_temperature.v2]","inputs":[],"formId":"news_litt_avansert/kroppstemperatur","viewConfig":{"multiplicity":{"min":1,"max":1},"advanced":{"hidden":false,"readonly":false,"hideFrame":false,"render":false},"label":{"custom":false,"useLocalizations":false},"size":{"field":"inherit","label":"3"},"layout":{"label":{"valign":"inherit","align":"top"},"field":{"valign":"inherit","align":"inherit"}},"annotations":{"validateemptycontainer":"false","select":"{#temp}"},"field":{},"tags":[]},"children":[{"name":"Origin","localizedName":"Origin","localizedNames":{"en":"*Origin (en)","nb":"Origin"},"localizedDescriptions":{},"rmType":"DV_DATE_TIME","min":0,"max":1,"aqlPath":"/content[openEHR-EHR-OBSERVATION.body_temperature.v2]/data[at0002]/origin","inputs":[{"type":"DATETIME","listOpen":false}],"formId":"news_litt_avansert/kroppstemperatur/*history(en)/origin","viewConfig":{"multiplicity":{"min":0,"max":1},"advanced":{"hidden":true,"readonly":false,"hideFrame":false,"render":false},"label":{"custom":false,"useLocalizations":false},"size":{"field":"inherit","label":"inherit"},"layout":{"label":{"valign":"inherit","align":"inherit"},"field":{"valign":"inherit","align":"inherit"}},"annotations":{"calc":"IF(ISNULL($temp),NULL,$when)"},"field":{"input":{"hideTime":false,"dateFormat":"","hideDate":false}}}},{"name":"Uspesifisert hendelse","localizedName":"Uspesifisert hendelse","localizedNames":{"en":"Any event","nb":"Uspesifisert hendelse"},"localizedDescriptions":{"nb":"Standard, uspesifisert tidspunkt eller tidsintervall som kan defineres mer eksplisitt i en template eller i en applikasjon.","en":"Default, unspecified point in time or interval event which may be explicitly defined in a template or at run-time."},"rmType":"EVENT","nodeId":"at0003","min":1,"max":1,"aqlPath":"/content[openEHR-EHR-OBSERVATION.body_temperature.v2]/data[at0002]/events[at0003]","inputs":[],"formId":"news_litt_avansert/kroppstemperatur/uspesifisert_hendelse","viewConfig":{"multiplicity":{"min":1,"max":1},"advanced":{"hidden":false,"readonly":false,"hideFrame":false,"render":false},"label":{"custom":false,"useLocalizations":false},"size":{"field":"inherit","label":"-1"},"layout":{"label":{"valign":"inherit","align":"inherit"},"field":{"valign":"inherit","align":"inherit"}},"annotations":{},"tags":["HideLabel"]},"children":[{"name":"Temperatur","localizedName":"Temp","localizedNames":{"en":"Temp","nb":"Temp"},"localizedDescriptions":{"nb":"Målt kroppstemperatur som uttrykk for kjernetemperatur.","en":"The measured body temperature (as a surrogate for the core of the body)."},"rmType":"DV_QUANTITY","nodeId":"at0004","min":1,"max":1,"aqlPath":"/content[openEHR-EHR-OBSERVATION.body_temperature.v2]/data[at0002]/events[at0003]/data[at0001]/items[at0004]/value","inputs":[{"suffix":"magnitude","type":"DECIMAL","defaultValue":"","listOpen":false},{"suffix":"unit","type":"CODED_TEXT","list":[{"value":"Cel","label":"Cel","validation":{"range":{"minOp":">=","min":0.0,"maxOp":"<","max":100.0},"precision":{"minOp":">=","min":1.0,"maxOp":"<=","max":1.0}},"ordinal":0,"localizedLabels":{},"localizedDescriptions":{}},{"value":"[degF]","label":"[degF]","validation":{"range":{"minOp":">=","min":30.0,"maxOp":"<","max":200.0},"precision":{"minOp":">=","min":1.0,"maxOp":"<=","max":1.0}},"ordinal":0,"localizedLabels":{},"localizedDescriptions":{}}],"listOpen":false}],"formId":"news_litt_avansert/kroppstemperatur/uspesifisert_hendelse/temperatur","viewConfig":{"multiplicity":{"min":1,"max":1},"advanced":{"hidden":false,"readonly":false,"hideFrame":false,"render":false},"label":{"custom":false,"useLocalizations":false},"size":{"field":"inherit","label":"inherit"},"layout":{"label":{"valign":"inherit","align":"inherit"},"field":{"valign":"inherit","align":"inherit"}},"annotations":{"calcId":"temp"},"field":{}}},{"name":"Time","localizedName":"Time","localizedNames":{"en":"*Time (en)","nb":"Time"},"localizedDescriptions":{},"rmType":"DV_DATE_TIME","min":0,"max":1,"aqlPath":"/content[openEHR-EHR-OBSERVATION.body_temperature.v2]/data[at0002]/events[at0003]/time","inputs":[{"type":"DATETIME","listOpen":false}],"formId":"news_litt_avansert/kroppstemperatur/uspesifisert_hendelse/time","viewConfig":{"multiplicity":{"min":0,"max":1},"advanced":{"hidden":true,"readonly":false,"hideFrame":false,"render":false},"label":{"custom":false,"useLocalizations":false},"size":{"field":"inherit","label":"inherit"},"layout":{"label":{"valign":"inherit","align":"inherit"},"field":{"valign":"inherit","align":"inherit"}},"annotations":{"calc":"IF(ISNULL($temp),NULL,$when)"},"field":{"input":{"hideTime":false,"dateFormat":"","hideDate":false}}}}]}]},{"name":"AVPU","localizedName":"AVPU","localizedNames":{"en":"AVPU","nb":"AVPU"},"localizedDescriptions":{"nb":"En enkel skala for å vurdere et individs bevissthetsnivå. AVPU er en forkortelse for engelsk \"Alert\", \"Voice\", \"Pain\" og \"Unresponsive\", på norsk \"Våken\", \"Tiltale\", \"Smerte\" og \"Reagerer ikke\".","en":"Simple scale used as part of an assessment to measure and record an individual's level of consciousness. AVPU is an acronym for 'Alert', 'Voice', 'Pain', 'Unresponsive'."},"rmType":"OBSERVATION","nodeId":"openEHR-EHR-OBSERVATION.avpu.v1","min":0,"max":1,"aqlPath":"/content[openEHR-EHR-OBSERVATION.avpu.v1]","inputs":[],"formId":"news_litt_avansert/avpu","viewConfig":{"multiplicity":{"min":0,"max":1},"advanced":{"hidden":false,"readonly":false,"hideFrame":false,"render":false},"label":{"custom":false,"useLocalizations":false},"size":{"field":"inherit","label":"inherit"},"layout":{"label":{"valign":"inherit","align":"inherit"},"field":{"valign":"inherit","align":"inherit"}},"annotations":{},"field":{}},"children":[{"name":"Origin","localizedName":"Origin","localizedNames":{"en":"*Origin (en)","nb":"Origin"},"localizedDescriptions":{},"rmType":"DV_DATE_TIME","min":0,"max":1,"aqlPath":"/content[openEHR-EHR-OBSERVATION.avpu.v1]/data[at0001]/origin","inputs":[{"type":"DATETIME","listOpen":false}],"formId":"news_litt_avansert/avpu/event_series/origin","viewConfig":{"multiplicity":{"min":0,"max":1},"advanced":{"hidden":false,"readonly":false,"hideFrame":false,"render":false},"label":{"custom":false,"useLocalizations":false},"size":{"field":"inherit","label":"inherit"},"layout":{"label":{"valign":"inherit","align":"inherit"},"field":{"valign":"inherit","align":"inherit"}},"annotations":{},"field":{"input":{"hideTime":false,"dateFormat":"","hideDate":false}}}},{"name":"Uspesifikk hendelse.","localizedName":"Uspesifikk hendelse.","localizedNames":{"en":"Any event","nb":"Uspesifikk hendelse."},"localizedDescriptions":{"nb":"Standard, uspesifisert tidspunkt eller tidsintervall som kan defineres mer eksplisitt i en template eller i en applikasjon.","en":"Default, unspecified point in time or interval event which may be explicitly defined in a template or at run-time."},"rmType":"EVENT","nodeId":"at0002","min":1,"max":1,"aqlPath":"/content[openEHR-EHR-OBSERVATION.avpu.v1]/data[at0001]/events[at0002]","inputs":[],"formId":"news_litt_avansert/avpu/uspesifikk_hendelse.","viewConfig":{"multiplicity":{"min":1,"max":1},"advanced":{"hidden":false,"readonly":false,"hideFrame":false,"render":false},"label":{"custom":false,"useLocalizations":false},"size":{"field":"inherit","label":"-1"},"layout":{"label":{"valign":"inherit","align":"inherit"},"field":{"valign":"inherit","align":"inherit"}},"annotations":{},"tags":["HideLabel"]},"children":[{"name":"AVPU-observasjon","localizedName":"AVPU-observasjon","localizedNames":{"en":"AVPU observation","nb":"AVPU-observasjon"},"localizedDescriptions":{"nb":"Observasjonen av individets bevissthetsnivå.","en":"The observation of the patient's level of consciousness."},"rmType":"DV_CODED_TEXT","nodeId":"at0004","min":1,"max":1,"aqlPath":"/content[openEHR-EHR-OBSERVATION.avpu.v1]/data[at0001]/events[at0002]/data[at0003]/items[at0004]/value","inputs":[{"suffix":"code","type":"CODED_TEXT","list":[{"value":"at0005","label":"Våken","ordinal":0,"localizedLabels":{"nb":"Våken","en":"Alert"},"localizedDescriptions":{"nb":"Øynene åpnes spontant, orientert tale, adlyder kommandoer (A).","en":"Eyes open spontaneously, oriented speech, obeys commands."}},{"value":"at0006","label":"Tiltale","ordinal":0,"localizedLabels":{"nb":"Tiltale","en":"Voice"},"localizedDescriptions":{"nb":"Hvilken som helst verbal, motorisk eller øye-respons på verbal tiltale (rop høyt eller rist forsiktig) (V).","en":"Any verbal, motor or eye response to a voice stimulus."}},{"value":"at0007","label":"Smerte","ordinal":0,"localizedLabels":{"nb":"Smerte","en":"Pain"},"localizedDescriptions":{"nb":"En hvilken som helst verbal, motorisk eller øye-respons på smertestimuli (eksempelvis press på neglerot), men ikke på verbal tiltale (P).","en":"Any verbal, motor or eye response to a pain stimulus, such as pressing the nail root, but not to voice stimulus."}},{"value":"at0008","label":"Reagerer ikke","ordinal":0,"localizedLabels":{"nb":"Reagerer ikke","en":"Unresponsive"},"localizedDescriptions":{"nb":"Ingen respons på tale- eller smertestimuli (U).","en":"No response to voice or pain stimuli."}}],"listOpen":false}],"formId":"news_litt_avansert/avpu/uspesifikk_hendelse./avpu-observasjon","viewConfig":{"multiplicity":{"min":1,"max":1},"advanced":{"hidden":false,"readonly":false,"hideFrame":false,"render":false},"label":{"custom":false,"useLocalizations":false},"size":{"field":"inherit","label":"inherit"},"layout":{"label":{"valign":"inherit","align":"inherit"},"field":{"valign":"inherit","align":"inherit"}},"annotations":{},"field":{"code":{"presentation":"combobox","columns":"4"}}}},{"name":"Time","localizedName":"Time","localizedNames":{"en":"*Time (en)","nb":"Time"},"localizedDescriptions":{},"rmType":"DV_DATE_TIME","min":0,"max":1,"aqlPath":"/content[openEHR-EHR-OBSERVATION.avpu.v1]/data[at0001]/events[at0002]/time","inputs":[{"type":"DATETIME","listOpen":false}],"formId":"news_litt_avansert/avpu/uspesifikk_hendelse./time","viewConfig":{"multiplicity":{"min":0,"max":1},"advanced":{"hidden":false,"readonly":false,"hideFrame":false,"render":false},"label":{"custom":false,"useLocalizations":false},"size":{"field":"inherit","label":"inherit"},"layout":{"label":{"valign":"inherit","align":"inherit"},"field":{"valign":"inherit","align":"inherit"}},"annotations":{},"field":{"input":{"hideTime":false,"dateFormat":"","hideDate":false}}}}]}]},{"name":"NEWS","localizedName":"NEWS","localizedNames":{"en":"NEWS (UK RCP)","nb":"NEWS"},"localizedDescriptions":{"nb":"NEWS (National Early Warning Score) er et skåringsverktøy som benyttes for å gi en objektiv vurdering av grad av klinisk forverring hos en pasient. Denne versjonen følger retningslinjer utgitt av the UK Royal College of Physicians.","en":"NEWS (National Early Warning Score) is a simple score used to provide an objective indication of a patient's degree of clinical deterioration. This version follows guidance issued by the UK Royal College of Physicians."},"rmType":"OBSERVATION","nodeId":"openEHR-EHR-OBSERVATION.news_uk_rcp.v1","min":0,"max":1,"aqlPath":"/content[openEHR-EHR-OBSERVATION.news_uk_rcp.v1]","inputs":[],"formId":"news_litt_avansert/news","viewConfig":{"multiplicity":{"min":0,"max":1},"advanced":{"hidden":false,"readonly":false,"hideFrame":false,"render":false},"label":{"custom":false,"useLocalizations":false},"size":{"field":"inherit","label":"inherit"},"layout":{"label":{"valign":"inherit","align":"inherit"},"field":{"valign":"inherit","align":"inherit"}},"annotations":{},"field":{}},"children":[{"name":"Origin","localizedName":"Origin","localizedNames":{"en":"*Origin (en)","nb":"Origin"},"localizedDescriptions":{},"rmType":"DV_DATE_TIME","min":0,"max":1,"aqlPath":"/content[openEHR-EHR-OBSERVATION.news_uk_rcp.v1]/data[at0001]/origin","inputs":[{"type":"DATETIME","listOpen":false}],"formId":"news_litt_avansert/news/event_series/origin","viewConfig":{"multiplicity":{"min":0,"max":1},"advanced":{"hidden":false,"readonly":false,"hideFrame":false,"render":false},"label":{"custom":false,"useLocalizations":false},"size":{"field":"inherit","label":"inherit"},"layout":{"label":{"valign":"inherit","align":"inherit"},"field":{"valign":"inherit","align":"inherit"}},"annotations":{"calc":"$when"},"field":{"input":{"hideTime":false,"dateFormat":"","hideDate":false}}}},{"name":"Tidspunkt","localizedName":"Tidspunkt","localizedNames":{"en":"Point in time","nb":"Tidspunkt"},"localizedDescriptions":{"nb":"En spesifikt dato/tidspunkt som kan defineres mer eksplisitt i et templat eller i en applikasjon.","en":"A specific date and/or time which may be explicitly defined in a template or at run-time."},"rmType":"POINT_EVENT","nodeId":"at0002","min":0,"max":1,"aqlPath":"/content[openEHR-EHR-OBSERVATION.news_uk_rcp.v1]/data[at0001]/events[at0002]","inputs":[],"formId":"news_litt_avansert/news/tidspunkt","viewConfig":{"multiplicity":{"min":0,"max":1},"advanced":{"hidden":false,"readonly":false,"hideFrame":false,"render":false},"label":{"custom":false,"useLocalizations":false},"size":{"field":"inherit","label":"-1"},"layout":{"label":{"valign":"inherit","align":"inherit"},"field":{"valign":"inherit","align":"inherit"}},"annotations":{},"tags":["HideLabel"]},"children":[{"name":"Respirasjonsfrekvens","localizedName":"Respirasjonsfrekvens","localizedNames":{"en":"Respiration rate","nb":"Respirasjonsfrekvens"},"localizedDescriptions":{"nb":"Pasientens respirasjonsfrekvens.","en":"Range category for the respiratory rate (RR) measurement of a patient."},"rmType":"DV_ORDINAL","nodeId":"at0006","min":0,"max":1,"aqlPath":"/content[openEHR-EHR-OBSERVATION.news_uk_rcp.v1]/data[at0001]/events[at0002]/data[at0003]/items[at0006]/value","inputs":[{"type":"CODED_TEXT","list":[{"value":"at0018","label":"12-20","ordinal":0,"localizedLabels":{"nb":"12-20","en":"12-20"},"localizedDescriptions":{"nb":"Respirasjonsfrekvensen målt fra og med 12 til og med 20 pust per min; skåres som 0 poeng.","en":"The respiratory rate measurement is between 12 and 20 breaths/min; scored as 0 points."}},{"value":"at0019","label":"9-11","ordinal":1,"localizedLabels":{"nb":"9-11","en":"9-11"},"localizedDescriptions":{"nb":"Respirasjonsfrekvensen målt fra og med 9 til og med 11 pust per min; skåres som 1 poeng.","en":"The respiratory rate measurement is between 9 and 11 breaths/min; scored as 1 point."}},{"value":"at0020","label":"21-24","ordinal":2,"localizedLabels":{"nb":"21-24","en":"21-24"},"localizedDescriptions":{"nb":"Respirasjonsfrekvensen målt fra og med 21 til og med 24 pust per min; skåres som 2 poeng.","en":"The respiratory rate measurement is between 21 and 24 breaths/min; scored as 2 points."}},{"value":"at0021","label":"≤8 eller ≥25","ordinal":3,"localizedLabels":{"nb":"≤8 eller ≥25","en":"<=8 or >=25"},"localizedDescriptions":{"nb":"Respirasjonsfrekvensen målt, mindre enn eller lik 8, eller større enn eller lik 25 pust per min; skåres som 3 poeng.","en":"The respiratory rate measurement is less than/equal to 8 breaths/min or greater than/equal to 25 breaths/min; scored as 3 points."}}],"listOpen":false}],"formId":"news_litt_avansert/news/tidspunkt/respirasjonsfrekvens","viewConfig":{"multiplicity":{"min":0,"max":1},"advanced":{"hidden":false,"readonly":false,"hideFrame":false,"render":false},"label":{"custom":false,"useLocalizations":false},"size":{"field":"inherit","label":"inherit"},"layout":{"label":{"valign":"inherit","align":"inherit"},"field":{"valign":"inherit","align":"inherit"}},"annotations":{"calcId":"n1"},"field":{"presentation":"combobox","columns":"4","input":{"presentation":"combobox","columns":"4"}}}},{"name":"Oksygenmetning","localizedName":"Oksygenmetning","localizedNames":{"en":"Oxygen saturation","nb":"Oksygenmetning"},"localizedDescriptions":{"nb":"Pasientens oksygenmetning.","en":"Range category for the oxygen saturation measurement of a patient."},"rmType":"DV_ORDINAL","nodeId":"at0029","min":0,"max":1,"aqlPath":"/content[openEHR-EHR-OBSERVATION.news_uk_rcp.v1]/data[at0001]/events[at0002]/data[at0003]/items[at0029]/value","inputs":[{"type":"CODED_TEXT","list":[{"value":"at0030","label":"≥96","ordinal":0,"localizedLabels":{"nb":"≥96","en":">= 96"},"localizedDescriptions":{"nb":"Oksygenmetning målt større enn eller lik 96 prosent; skåres som 0 poeng.","en":"The oxygen saturation level is greater than/equal to 96%;scored as 0 points."}},{"value":"at0031","label":"94-95","ordinal":1,"localizedLabels":{"nb":"94-95","en":"94-95"},"localizedDescriptions":{"nb":"Oksygenmetning målt fra og med 94 til og med 95 prosent; skåres som 1 poeng.","en":"The oxygen saturation level is between 94% and 95%; scored as 1 point."}},{"value":"at0032","label":"92-93","ordinal":2,"localizedLabels":{"nb":"92-93","en":"92-93"},"localizedDescriptions":{"nb":"Oksygenmetning målt fra og med 92 til og med 93 prosent; skåres som 2 poeng.","en":"The oxygen saturation level is between 92% and 93%; scored as 2 points."}},{"value":"at0033","label":"≤91","ordinal":3,"localizedLabels":{"nb":"≤91","en":"<=91"},"localizedDescriptions":{"nb":"Oksygenmetning målt som mindre enn eller lik 91 prosent; skåres som 3 poeng.","en":"The oxygen saturation level is less than/equal to 91%; scored as 3 points."}}],"listOpen":false}],"formId":"news_litt_avansert/news/tidspunkt/oksygenmetning","viewConfig":{"multiplicity":{"min":0,"max":1},"advanced":{"hidden":false,"readonly":false,"hideFrame":false,"render":false},"label":{"custom":false,"useLocalizations":false},"size":{"field":"inherit","label":"inherit"},"layout":{"label":{"valign":"inherit","align":"inherit"},"field":{"valign":"inherit","align":"inherit"}},"annotations":{"calcId":"n2"},"field":{"presentation":"combobox","columns":"4","input":{"presentation":"combobox","columns":"4"}}}},{"name":"Tilførsel av oksygen","localizedName":"Tilførsel av oksygen","localizedNames":{"en":"Supplemental oxygen","nb":"Tilførsel av oksygen"},"localizedDescriptions":{"nb":"Om pasienten tilføres oksygen for å opprettholde oksygenmetningen.","en":"Range category depending on whether the patient is receiving supplemental oxygen."},"rmType":"DV_ORDINAL","nodeId":"at0034","min":0,"max":1,"aqlPath":"/content[openEHR-EHR-OBSERVATION.news_uk_rcp.v1]/data[at0001]/events[at0002]/data[at0003]/items[at0034]/value","inputs":[{"type":"CODED_TEXT","list":[{"value":"at0036","label":"Nei","ordinal":0,"localizedLabels":{"nb":"Nei","en":"No"},"localizedDescriptions":{"nb":"Pasienten tilføres ikke oksygen; skåres som 0 poeng.","en":"The patient is not receiving supplemental oxygen; scored as 0 points."}},{"value":"at0037","label":"Ja","ordinal":2,"localizedLabels":{"nb":"Ja","en":"Yes"},"localizedDescriptions":{"nb":"Pasienten tilføres oksygen; skåres som 2 poeng.","en":"The patient is receiving supplemental oxygen; scored as 2 points."}}],"listOpen":false}],"formId":"news_litt_avansert/news/tidspunkt/tilførsel_av_oksygen","viewConfig":{"multiplicity":{"min":0,"max":1},"advanced":{"hidden":false,"readonly":false,"hideFrame":false,"render":false},"label":{"custom":false,"useLocalizations":false},"size":{"field":"inherit","label":"inherit"},"layout":{"label":{"valign":"inherit","align":"inherit"},"field":{"valign":"inherit","align":"inherit"}},"annotations":{"calcId":"n3"},"field":{"presentation":"combobox","columns":"2","input":{"presentation":"combobox","columns":"2"}}}},{"name":"Kroppstemperatur","localizedName":"Kroppstemperatur","localizedNames":{"en":"Body temperature","nb":"Kroppstemperatur"},"localizedDescriptions":{"nb":"Pasientens kroppstemperatur.","en":"Range category for the body temperature (Temp) measurement of a patient."},"rmType":"DV_ORDINAL","nodeId":"at0007","min":0,"max":1,"aqlPath":"/content[openEHR-EHR-OBSERVATION.news_uk_rcp.v1]/data[at0001]/events[at0002]/data[at0003]/items[at0007]/value","inputs":[{"type":"CODED_TEXT","list":[{"value":"at0022","label":"36.1-38.0","ordinal":0,"localizedLabels":{"nb":"36.1-38.0","en":"36.1-38.0"},"localizedDescriptions":{"nb":"Kroppstemperatur målt fra og med 36,1 til og med 38,0 grader Celsius; skåres til 0 poeng.","en":"The body temperature measurement is between 36.1 and 38.0 degrees Celsius; scored as 0 points."}},{"value":"at0023","label":"35.1-36.0 eller 38.1-39.0","ordinal":1,"localizedLabels":{"nb":"35.1-36.0 eller 38.1-39.0","en":"35.1-36.0 or 38.1-39.0"},"localizedDescriptions":{"nb":"Kroppstemperatur målt fra og med 35,1 til og med 36,0 grader Celsius eller fra og med 38,1 til og med 39,0 grader Celsius; skåres til 1 poeng.","en":"The body temperature measurement is between 35.1 and 36.0 degrees Celsius or between 38.1 and 39.0 degrees Celsius; scored as 1 point."}},{"value":"at0038","label":"≥39,1","ordinal":2,"localizedLabels":{"nb":"≥39,1","en":">=39.1"},"localizedDescriptions":{"nb":"Kroppstemperatur målt større enn eller lik 39,1 grader Celcius; skåres som 2 poeng.","en":"The body temperature is greater than/equal to 39.1 degrees Celcius; scored as 2 points."}},{"value":"at0039","label":"≤35","ordinal":3,"localizedLabels":{"nb":"≤35","en":"<=35.0"},"localizedDescriptions":{"nb":"Kroppstemperatur målt mindre enn eller lik 35,0 grader Celcius; skåres som 3 poeng.","en":"The body temperature is less than/equal to 35 degrees Celcius ; scored as 3 points."}}],"listOpen":false}],"formId":"news_litt_avansert/news/tidspunkt/kroppstemperatur","viewConfig":{"multiplicity":{"min":0,"max":1},"advanced":{"hidden":false,"readonly":false,"hideFrame":false,"render":false},"label":{"custom":false,"useLocalizations":false},"size":{"field":"inherit","label":"inherit"},"layout":{"label":{"valign":"inherit","align":"inherit"},"field":{"valign":"inherit","align":"inherit"}},"annotations":{"calcId":"n4"},"field":{"presentation":"combobox","columns":"4","input":{"presentation":"combobox","columns":"4"}}}},{"name":"Systolisk blodtrykk","localizedName":"Systolisk blodtrykk","localizedNames":{"en":"Systolic blood pressure","nb":"Systolisk blodtrykk"},"localizedDescriptions":{"nb":"Pasientens systoliske blodtrykk.","en":"Range category for the systolic blood pressure (SBP) measurement of a patient."},"rmType":"DV_ORDINAL","nodeId":"at0004","min":0,"max":1,"aqlPath":"/content[openEHR-EHR-OBSERVATION.news_uk_rcp.v1]/data[at0001]/events[at0002]/data[at0003]/items[at0004]/value","inputs":[{"type":"CODED_TEXT","list":[{"value":"at0014","label":"111-219","ordinal":0,"localizedLabels":{"nb":"111-219","en":"111-219"},"localizedDescriptions":{"nb":"Det systoliske blodtrykket målt fra og med 111 til og med 219 mmHg; skåres som 0 poeng.","en":"The systolic blood pressure measurement is between 111 and 219 mmHg; scored as 0 points."}},{"value":"at0015","label":"101-110","ordinal":1,"localizedLabels":{"nb":"101-110","en":"101-110"},"localizedDescriptions":{"nb":"Det systoliske blodtrykket målt fra og med 101 til og med 110 mmHg; skåres som 1 poeng.","en":"The systolic blood pressure measurement is between 101 and 110 mmHg; scored as 1 point."}},{"value":"at0016","label":"91-100","ordinal":2,"localizedLabels":{"nb":"91-100","en":"91-100"},"localizedDescriptions":{"nb":"Det systoliske blodtrykket målt fra og med 91 til og med 100 mmHg; skåres som 2 poeng.","en":"The systolic blood pressure measurement is between 91 and 100 mmHg; scored as 2 points."}},{"value":"at0017","label":"≤90 eller ≥220","ordinal":3,"localizedLabels":{"nb":"≤90 eller ≥220","en":"<=90 or >= 220"},"localizedDescriptions":{"nb":"Det systoliske blodtrykket målt mindre enn eller lik 90 mmHg eller større enn eller lik 220 mmHg; skåres som 3 poeng.","en":"The systolic blood pressure measurement is less than/equal to 90 mmHg or greater than/equal to 220 mmHg; scored as 3 points."}}],"listOpen":false}],"formId":"news_litt_avansert/news/tidspunkt/systolisk_blodtrykk","viewConfig":{"multiplicity":{"min":0,"max":1},"advanced":{"hidden":false,"readonly":false,"hideFrame":false,"render":false},"label":{"custom":false,"useLocalizations":false},"size":{"field":"inherit","label":"inherit"},"layout":{"label":{"valign":"inherit","align":"inherit"},"field":{"valign":"inherit","align":"inherit"}},"annotations":{"calcId":"n5"},"field":{"presentation":"combobox","columns":"4","input":{"presentation":"combobox","columns":"4"}}}},{"name":"Hjertefrekvens/puls","localizedName":"Hjertefrekvens/puls","localizedNames":{"en":"Heart rate","nb":"Hjertefrekvens/puls"},"localizedDescriptions":{"nb":"Pasientens hjertefrekvens.","en":"Range category for the heart rate (HR) measurement of a patient."},"rmType":"DV_ORDINAL","nodeId":"at0005","min":0,"max":1,"aqlPath":"/content[openEHR-EHR-OBSERVATION.news_uk_rcp.v1]/data[at0001]/events[at0002]/data[at0003]/items[at0005]/value","inputs":[{"type":"CODED_TEXT","list":[{"value":"at0013","label":"51-90","ordinal":0,"localizedLabels":{"nb":"51-90","en":"51-90"},"localizedDescriptions":{"nb":"Hjertefrekvensen målt fra og med 51 til og med 90 pulsslag per min; skåres som 0 poeng.","en":"The heart rate measurement is between 51 and 90 beats/min; scored as 0 points."}},{"value":"at0012","label":"41-50 eller 91-110","ordinal":1,"localizedLabels":{"nb":"41-50 eller 91-110","en":"41-50 or 91-110"},"localizedDescriptions":{"nb":"Hjertefrekvensen målt fra og med 41 til og med 50 pulsslag per min eller fra og med 91 til og med 110 pulsslag per min; skåres som 1 poeng.","en":"The heart rate measurement is between 41 and 50 beats/min or between 91 and 110 beats/min; scored as 1 point."}},{"value":"at0011","label":"111-130","ordinal":2,"localizedLabels":{"nb":"111-130","en":"111-130"},"localizedDescriptions":{"nb":"Hjertefrekvensen målt fra og med 111 til og med 130 pulsslag per min; skåres som 2 poeng.","en":"The heart rate measurement is between 111 and 130 beats/min; scored as 2 points."}},{"value":"at0010","label":"≤40 eller ≥131","ordinal":3,"localizedLabels":{"nb":"≤40 eller ≥131","en":"<=40 or >=131"},"localizedDescriptions":{"nb":"Hjertefrekvensen målt som mindre enn eller lik 40 pulsslag per min eller større enn eller lik 131 pulsslag per min; skåres som 3 poeng.","en":"The heart rate measurement is less than/equal to 40 beats/min or greater than/equal to 131 beats/min; scored as 3 points."}}],"listOpen":false}],"formId":"news_litt_avansert/news/tidspunkt/hjertefrekvens_puls","viewConfig":{"multiplicity":{"min":0,"max":1},"advanced":{"hidden":false,"readonly":false,"hideFrame":false,"render":false},"label":{"custom":false,"useLocalizations":false},"size":{"field":"inherit","label":"inherit"},"layout":{"label":{"valign":"inherit","align":"inherit"},"field":{"valign":"inherit","align":"inherit"}},"annotations":{"calcId":"n6"},"field":{"presentation":"combobox","columns":"4","input":{"presentation":"combobox","columns":"4"}}}},{"name":"Bevissthetsgrad","localizedName":"Bevissthetsgrad","localizedNames":{"en":"Level of consciousness","nb":"Bevissthetsgrad"},"localizedDescriptions":{"nb":"Observert kategori for AVPU scoring av pasientens bevissthetstilstand.","en":"Observed category for the AVPU scale rating of a patient's conscious state."},"rmType":"DV_ORDINAL","nodeId":"at0008","min":0,"max":1,"aqlPath":"/content[openEHR-EHR-OBSERVATION.news_uk_rcp.v1]/data[at0001]/events[at0002]/data[at0003]/items[at0008]/value","inputs":[{"type":"CODED_TEXT","list":[{"value":"at0024","label":"A","ordinal":0,"localizedLabels":{"nb":"A","en":"A"},"localizedDescriptions":{"nb":"Pasienten er helt våken; skåres som 0 poeng.","en":"The patient is alert or awake; scored as 0 points."}},{"value":"at0025","label":"V, P eller U","ordinal":3,"localizedLabels":{"nb":"V, P eller U","en":"V, P or U"},"localizedDescriptions":{"nb":"V - Reagerer på lyd/ tiltale, P - Reagerer på smerte, U - Reagerer ikke; skåres som 3 poeng.","en":"The patient responds only to verbal, pain or stimulus; scored as 3 points."}}],"listOpen":false}],"formId":"news_litt_avansert/news/tidspunkt/bevissthetsgrad","viewConfig":{"multiplicity":{"min":0,"max":1},"advanced":{"hidden":false,"readonly":false,"hideFrame":false,"render":false},"label":{"custom":false,"useLocalizations":false},"size":{"field":"inherit","label":"inherit"},"layout":{"label":{"valign":"inherit","align":"inherit"},"field":{"valign":"inherit","align":"inherit"}},"annotations":{"calcId":"n7"},"field":{"presentation":"combobox","columns":"2","input":{"presentation":"combobox","columns":"2"}}}},{"name":"Totalskår","localizedName":"Totalskår","localizedNames":{"en":"Total score","nb":"Totalskår"},"localizedDescriptions":{"nb":"Summen av skår til hvert enkelt NEWS-parameter.","en":"The total sum of all the NEWS parameter ordinals."},"rmType":"DV_COUNT","nodeId":"at0028","min":0,"max":1,"aqlPath":"/content[openEHR-EHR-OBSERVATION.news_uk_rcp.v1]/data[at0001]/events[at0002]/data[at0003]/items[at0028]/value","inputs":[{"type":"INTEGER","validation":{"range":{"minOp":">=","min":0.0,"maxOp":"<=","max":20.0}},"defaultValue":"","listOpen":false}],"formId":"news_litt_avansert/news/tidspunkt/totalskår","viewConfig":{"multiplicity":{"min":0,"max":1},"advanced":{"hidden":false,"readonly":false,"hideFrame":false,"render":false},"label":{"custom":false,"useLocalizations":false},"size":{"field":"inherit","label":"inherit"},"layout":{"label":{"valign":"inherit","align":"inherit"},"field":{"valign":"inherit","align":"inherit"}},"annotations":{"calc":"SUM(n1,n2,n3,n4,n5,n6,n7)"},"field":{}}},{"name":"Kommentar","localizedName":"Kommentar","localizedNames":{"en":"Comment","nb":"Kommentar"},"localizedDescriptions":{"nb":"Ytterligere kommentar til NEWS-skåringen som ikke er fanget opp i andre felt.","en":"Additional narrative about the overall NEWS score not captured in other fields."},"rmType":"DV_TEXT","nodeId":"at0044","min":0,"max":1,"aqlPath":"/content[openEHR-EHR-OBSERVATION.news_uk_rcp.v1]/data[at0001]/events[at0002]/data[at0003]/items[at0044]/value","inputs":[{"type":"TEXT","list":[],"listOpen":false}],"formId":"news_litt_avansert/news/tidspunkt/kommentar","viewConfig":{"multiplicity":{"min":0,"max":1},"advanced":{"hidden":false,"readonly":false,"hideFrame":false,"render":false},"label":{"custom":false,"useLocalizations":false},"size":{"field":"inherit","label":"inherit"},"layout":{"label":{"valign":"inherit","align":"inherit"},"field":{"valign":"inherit","align":"inherit"}},"datasource":{"loadRemote":false,"parameters":{}},"annotations":{},"field":{"lines":null,"input":{},"formatting":null}}},{"name":"Time","localizedName":"Time","localizedNames":{"en":"*Time (en)","nb":"Time"},"localizedDescriptions":{},"rmType":"DV_DATE_TIME","min":0,"max":1,"aqlPath":"/content[openEHR-EHR-OBSERVATION.news_uk_rcp.v1]/data[at0001]/events[at0002]/time","inputs":[{"type":"DATETIME","listOpen":false}],"formId":"news_litt_avansert/news/tidspunkt/time","viewConfig":{"multiplicity":{"min":0,"max":1},"advanced":{"hidden":false,"readonly":false,"hideFrame":false,"render":false},"label":{"custom":false,"useLocalizations":false},"size":{"field":"inherit","label":"inherit"},"layout":{"label":{"valign":"inherit","align":"inherit"},"field":{"valign":"inherit","align":"inherit"}},"annotations":{"calc":"$when"},"field":{"input":{"hideTime":false,"dateFormat":"","hideDate":false}}}}]}]}]}